{"molfile": "GYDPETGTWG.pdb", "standard": -386.8134162799762, "total": 7.963678306293473}