{"molfile": "DPE.pdb", "standard": -259.211796632091, "total": 21.185204188335046}