{"molfile": "DPETG.pdb", "standard": -316.291964666171, "total": 16.915955627920553}