{"molfile": "DPETGTW.pdb", "standard": -328.9336589779632, "total": 3.765772917886168}