{"molfile": "ETG.pdb", "standard": -263.8933004708089, "total": 19.428442372759623}