{"molfile": "ETGTW.pdb", "standard": -277.6780007486048, "total": 4.175367703389134}