{"molfile": "GTW.pdb", "standard": -201.87248380077634, "total": 5.410098332020145}