{"molfile": "GYD.pdb", "standard": -251.43889470025147, "total": 21.00280511565275}