{"molfile": "GYDPETG.pdb", "standard": -361.3330124171169, "total": 15.043871690467848}