{"molfile": "GYDPE.pdb", "standard": -303.9164292550924, "total": 35.72400123923208}