{"molfile": "PET.pdb", "standard": -182.8222045185183, "total": 13.25419544806252}