{"molfile": "PETGT.pdb", "standard": -215.26115728880896, "total": 10.489315820060224}