{"molfile": "PETGTWG.pdb", "standard": -215.62205845729895, "total": 1.8218320686426803}