{"molfile": "TGT.pdb", "standard": -251.0366428843885, "total": 13.8446233378817}