{"molfile": "TGTWG.pdb", "standard": -250.38579470514156, "total": 9.826989747260367}