{"molfile": "TWG.pdb", "standard": -216.46236348572072, "total": 12.442688282567584}