{"molfile": "YDP.pdb", "standard": -234.419221051142, "total": 10.80235973224554}