{"molfile": "YDPETGT.pdb", "standard": -369.81544584148725, "total": 6.395457317891527}