{"molfile": "YDPET.pdb", "standard": -337.9443356903541, "total": 9.502329041348913}